Price,AAPL.O
Ticker,AAPL
Date,
2010-01-04,6.418384075164795
2010-01-05,6.429481029510498
2010-01-06,6.327211856842041
2010-01-07,6.3155131340026855
2010-01-08,6.3575029373168945
2010-01-11,6.301419734954834
2010-01-12,6.229740142822266
2010-01-13,6.31761360168457
2010-01-14,6.281025409698486
2010-01-15,6.176055908203125
2010-01-19,6.449274063110352
2010-01-20,6.350003719329834
2010-01-21,6.240236759185791
2010-01-22,5.930728912353516
2010-01-25,6.090280055999756
2010-01-26,6.176356315612793
2010-01-27,6.234538555145264
2010-01-28,5.976913928985596
2010-01-29,5.760079860687256
2010-02-01,5.840156078338623
2010-02-02,5.8740458488464355
2010-02-03,5.975116729736328
2010-02-04,5.759780406951904
2010-02-05,5.8620476722717285
2010-02-08,5.821860313415527
2010-02-09,5.8839430809021
2010-02-10,5.8518524169921875
2010-02-11,5.958319664001465
2010-02-12,6.00960636138916
2010-02-16,6.100177764892578
2010-02-17,6.074687480926514
2010-02-18,6.086082458496094
2010-02-19,6.0482940673828125
2010-02-22,6.010806083679199
2010-02-23,5.910036087036133
2010-02-24,6.018003463745117
2010-02-25,6.05819034576416
2010-02-26,6.136765956878662
2010-03-01,6.26782751083374
2010-03-02,6.26362943649292
2010-03-03,6.278027057647705
2010-03-04,6.3194122314453125
2010-03-05,6.566537380218506
2010-03-08,6.570437431335449
2010-03-09,6.688603401184082
2010-03-10,6.743185997009277
2010-03-11,6.762979030609131
2010-03-12,6.795969486236572
2010-03-15,6.713196277618408
2010-03-16,6.731489181518555
2010-03-17,6.721593379974365
2010-03-18,6.737488746643066
2010-03-19,6.665509223937988
2010-03-22,6.740485668182373
2010-03-23,6.848753452301025
2010-03-24,6.879044532775879
2010-03-25,6.797470569610596
2010-03-26,6.924932479858398
2010-03-29,6.969618320465088
2010-03-30,7.0733866691589355
2010-03-31,7.047895431518555
2010-04-01,7.076985836029053
2010-04-05,7.152562141418457
2010-04-06,7.184057235717773
2010-04-07,7.215846538543701
2010-04-08,7.196349620819092
2010-04-09,7.251533508300781
2010-04-12,7.266530990600586
2010-04-13,7.270726680755615
2010-04-14,7.368499755859375
2010-04-15,7.4653706550598145
2010-04-16,7.41978120803833
2010-04-19,7.409890174865723
2010-04-20,7.33551025390625
2010-04-21,7.774276256561279
2010-04-22,7.9917144775390625
2010-04-23,8.122474670410156
2010-04-26,8.082584381103516
2010-04-27,7.858851432800293
2010-04-28,7.845659255981445
2010-04-29,8.056793212890625
2010-04-30,7.830362796783447
2010-05-03,7.988116264343262
2010-05-04,7.758083343505859
2010-05-05,7.6774067878723145
2010-05-06,7.3852949142456055
2010-05-07,7.073685646057129
2010-05-10,7.617427349090576
2010-05-11,7.693303108215332
2010-05-12,7.860352993011475
2010-05-13,7.74848747253418
2010-05-14,7.612326145172119
2010-05-17,7.624322414398193
2010-05-18,7.568538188934326
2010-05-19,7.447973728179932
2010-05-20,7.130670547485352
2010-05-21,7.267430782318115
2010-05-24,7.4005889892578125
2010-05-25,7.354403495788574
2010-05-26,7.321113586425781
2010-05-27,7.598227024078369
2010-05-28,7.704099178314209
2010-06-01,7.822564125061035
2010-06-02,7.916136741638184
2010-06-03,7.891242980957031
2010-06-04,7.676507472991943
2010-06-07,7.5259528160095215
2010-06-08,7.477663516998291
2010-06-09,7.293820381164551
2010-06-10,7.51305627822876
2010-06-11,7.603029251098633
2010-06-14,7.626125335693359
2010-06-15,7.78837251663208
2010-06-16,8.015108108520508
2010-06-17,8.153661727905273
2010-06-18,8.219643592834473
2010-06-21,8.102678298950195
2010-06-22,8.213050842285156
2010-06-23,8.126672744750977
2010-06-24,8.06759262084961
2010-06-25,7.998610019683838
2010-06-28,8.046597480773926
2010-06-29,7.682806491851807
2010-06-30,7.543645858764648
2010-07-01,7.452175140380859
2010-07-02,7.405991077423096
2010-07-06,7.456672191619873
2010-07-07,7.757782936096191
2010-07-08,7.7403883934021
2010-07-09,7.786273956298828
2010-07-12,7.716395854949951
2010-07-13,7.551743507385254
2010-07-14,7.579639434814453
2010-07-15,7.541249752044678
2010-07-16,7.494762420654297
2010-07-19,7.365200996398926
2010-07-20,7.554444789886475
2010-07-21,7.62492561340332
2010-07-22,7.768278121948242
2010-07-23,7.795869827270508
2010-07-26,7.776076793670654
2010-07-27,7.920036792755127
2010-07-28,7.82646369934082
2010-07-29,7.7409892082214355
2010-07-30,7.7151947021484375
2010-08-02,7.853156566619873
2010-08-03,7.85555362701416
2010-08-04,7.887045383453369
2010-08-05,7.8486552238464355
2010-08-06,7.800373077392578
2010-08-09,7.850154876708984
2010-08-10,7.779974460601807
2010-08-11,7.503459453582764
2010-08-12,7.551445484161377
2010-08-13,7.470771789550781
2010-08-16,7.426980495452881
2010-08-17,7.556844234466553
2010-08-18,7.589832782745361
2010-08-19,7.494162082672119
2010-08-20,7.486963272094727
2010-08-23,7.371798038482666
2010-08-24,7.195750713348389
2010-08-25,7.284523010253906
2010-08-26,7.206247329711914
2010-08-27,7.246438026428223
2010-08-30,7.272828578948975
2010-08-31,7.290822505950928
2010-09-01,7.507660865783691
2010-09-02,7.56283712387085
2010-09-03,7.760778427124023
2010-09-07,7.731992244720459
2010-09-08,7.8852458000183105
2010-09-09,7.889742374420166
2010-09-10,7.899940490722656
2010-09-13,8.008808135986328
2010-09-14,8.039400100708008
2010-09-15,8.104179382324219
2010-09-16,8.294620513916016
2010-09-17,8.258635520935059
2010-09-20,8.494363784790039
2010-09-21,8.51055908203125
2010-09-22,8.629922866821289
2010-09-23,8.665013313293457
2010-09-24,8.76698112487793
2010-09-27,8.732192039489746
2010-09-28,8.603231430053711
2010-09-29,8.618526458740234
2010-09-30,8.509956359863281
2010-10-01,8.473069190979004
2010-10-04,8.356701850891113
2010-10-05,8.665614128112793
2010-10-06,8.673110008239746
2010-10-07,8.6740140914917
2010-10-08,8.819467544555664
2010-10-11,8.858152389526367
2010-10-12,8.95352554321289
2010-10-13,9.001507759094238
2010-10-14,9.0665922164917
2010-10-15,9.439380645751953
2010-10-18,9.537155151367188
2010-10-19,9.281927108764648
2010-10-20,9.313121795654297
2010-10-21,9.282831192016602
2010-10-22,9.221344947814941
2010-10-25,9.262433052062988
2010-10-26,9.238741874694824
2010-10-27,9.232141494750977
2010-10-28,9.154463768005371
2010-10-29,9.026704788208008
2010-11-01,9.122672080993652
2010-11-02,9.278024673461914
2010-11-03,9.381197929382324
2010-11-04,9.545247077941895
2010-11-05,9.51106071472168
2010-11-08,9.555745124816895
2010-11-09,9.479570388793945
2010-11-10,9.538053512573242
2010-11-11,9.496661186218262
2010-11-12,9.238139152526855
2010-11-15,9.208450317382812
2010-11-16,9.045000076293945
2010-11-17,9.012309074401855
2010-11-18,9.25013542175293
2010-11-19,9.199152946472168
2010-11-22,9.397991180419922
2010-11-23,9.259134292602539
2010-11-24,9.441181182861328
2010-11-26,9.447178840637207
2010-11-29,9.503260612487793
2010-11-30,9.331711769104004
2010-12-01,9.489166259765625
2010-12-02,9.541651725769043
2010-12-03,9.520354270935059
2010-12-06,9.601630210876465
2010-12-07,9.543449401855469
2010-12-08,9.627425193786621
2010-12-09,9.589935302734375
2010-12-10,9.61392879486084
2010-12-13,9.647216796875
2010-12-14,9.605828285217285
2010-12-15,9.607930183410645
2010-12-16,9.634622573852539
2010-12-17,9.615427017211914
2010-12-20,9.663413047790527
2010-12-21,9.723097801208496
2010-12-22,9.751886367797852
2010-12-23,9.705102920532227
2010-12-27,9.737486839294434
2010-12-28,9.761185646057129
2010-12-29,9.755786895751953
2010-12-30,9.706904411315918
2010-12-31,9.673911094665527
2011-01-03,9.88414478302002
2011-01-04,9.935735702514648
2011-01-05,10.017008781433105
2011-01-06,10.008913040161133
2011-01-07,10.080591201782227
2011-01-10,10.27043342590332
2011-01-11,10.246139526367188
2011-01-12,10.329516410827637
2011-01-13,10.367300033569336
2011-01-14,10.451277732849121
2011-01-18,10.216449737548828
2011-01-19,10.162165641784668
2011-01-20,9.97741985321045
2011-01-21,9.798675537109375
2011-01-24,10.120477676391602
2011-01-25,10.238940238952637
2011-01-26,10.312419891357422
2011-01-27,10.293228149414062
2011-01-28,10.079984664916992
2011-01-31,10.176560401916504
2011-02-01,10.347808837890625
2011-02-02,10.326515197753906
2011-02-03,10.300124168395996
2011-02-04,10.391897201538086
2011-02-07,10.553253173828125
2011-02-08,10.652814865112305
2011-02-09,10.741588592529297
2011-02-10,10.633025169372559
2011-02-11,10.702305793762207
2011-02-14,10.77218246459961
2011-02-15,10.793777465820312
2011-02-16,10.890649795532227
2011-02-17,10.745793342590332
2011-02-18,10.513660430908203
2011-02-22,10.155268669128418
2011-02-23,10.275531768798828
2011-02-24,10.283327102661133
2011-02-25,10.441680908203125
2011-02-28,10.593138694763184
2011-03-01,10.476171493530273
2011-03-02,10.560450553894043
2011-03-03,10.783578872680664
2011-03-04,10.796772956848145
2011-03-07,10.65761661529541
2011-03-08,10.669611930847168
2011-03-09,10.570940017700195
2011-03-10,10.39699649810791
2011-03-11,10.556547164916992
2011-03-14,10.603631019592285
2011-03-15,10.359807968139648
2011-03-16,9.897347450256348
2011-03-17,10.036203384399414
2011-03-18,9.91714096069336
2011-03-21,10.175963401794434
2011-03-22,10.23294448852539
2011-03-23,10.172661781311035
2011-03-24,10.346012115478516
2011-03-25,10.543051719665527
2011-03-28,10.510059356689453
2011-03-29,10.525656700134277
2011-03-30,10.45577621459961
2011-03-31,10.452176094055176
2011-04-01,10.33371353149414
2011-04-04,10.232644081115723
2011-04-05,10.163664817810059
2011-04-06,10.138171195983887
2011-04-07,10.139373779296875
2011-04-08,10.048794746398926
2011-04-11,9.921038627624512
2011-04-12,9.969021797180176
2011-04-13,10.080888748168945
2011-04-14,9.969625473022461
2011-04-15,9.820865631103516
2011-04-18,9.952528953552246
2011-04-19,10.132774353027344
2011-04-20,10.269230842590332
2011-04-21,10.517857551574707
2011-04-25,10.587136268615723
2011-04-26,10.509462356567383
2011-04-27,10.501364707946777
2011-04-28,10.399395942687988
2011-04-29,10.500767707824707
2011-05-02,10.385297775268555
2011-05-03,10.442880630493164
2011-05-04,10.483968734741211
2011-05-05,10.399395942687988
2011-05-06,10.396693229675293
2011-05-09,10.424887657165527
2011-05-10,10.480367660522461
2011-05-11,10.413793563842773
2011-05-12,10.39399528503418
2011-05-13,10.211952209472656
2011-05-16,9.996016502380371
2011-05-17,10.081191062927246
2011-05-18,10.193056106567383
2011-05-19,10.212848663330078
2011-05-20,10.053601264953613
2011-05-23,10.02900218963623
2011-05-24,9.962726593017578
2011-05-25,10.10037899017334
2011-05-26,10.04699993133545
2011-05-27,10.119277000427246
2011-05-31,10.431783676147461
2011-06-01,10.362204551696777
2011-06-02,10.379898071289062
2011-06-03,10.300124168395996
2011-06-06,10.138171195983887
2011-06-07,9.958224296569824
2011-06-08,9.964224815368652
2011-06-09,9.941731452941895
2011-06-10,9.774079322814941
2011-06-13,9.795073509216309
2011-06-14,9.97022533416748
2011-06-15,9.79957389831543
2011-06-16,9.751886367797852
2011-06-17,9.604928016662598
2011-06-20,9.456775665283203
2011-06-21,9.756086349487305
2011-06-22,9.675410270690918
2011-06-23,9.933935165405273
2011-06-24,9.787578582763672
2011-06-27,9.958224296569824
2011-06-28,10.054797172546387
2011-06-29,10.018206596374512
2011-06-30,10.067087173461914
2011-07-01,10.29472827911377
2011-07-05,10.47977066040039
2011-07-06,10.549649238586426
2011-07-07,10.712800025939941
2011-07-08,10.788079261779785
2011-07-11,10.616827011108398
2011-07-12,10.609330177307129
2011-07-13,10.737396240234375
2011-07-14,10.729893684387207
2011-07-15,10.944331169128418
2011-07-18,11.210650444030762
2011-07-19,11.302123069763184
2011-07-20,11.603532791137695
2011-07-21,11.61523151397705
2011-07-22,11.795478820800781
2011-07-25,11.951433181762695
2011-07-26,12.098687171936035
2011-07-27,11.77418327331543
2011-07-28,11.751086235046387
2011-07-29,11.71090030670166
2011-08-01,11.898947715759277
2011-08-02,11.66381549835205
2011-08-03,11.773585319519043
2011-08-04,11.317719459533691
2011-08-05,11.205249786376953
2011-08-08,10.593138694763184
2011-08-09,11.216949462890625
2011-08-10,10.907444953918457
2011-08-11,11.207653999328613
2011-08-12,11.306328773498535
2011-08-15,11.49886703491211
2011-08-16,11.410990715026855
2011-08-17,11.4097900390625
2011-08-18,10.97822380065918
2011-08-19,10.67770767211914
2011-08-22,10.690007209777832
2011-08-23,11.204654693603516
2011-08-24,11.282031059265137
2011-08-25,11.208253860473633
2011-08-26,11.503960609436035
2011-08-29,11.69560718536377
2011-08-30,11.696208953857422
2011-08-31,11.541454315185547
2011-09-01,11.427484512329102
2011-09-02,11.218152046203613
2011-09-06,11.388800621032715
2011-09-07,11.514461517333984
2011-09-08,11.520759582519531
2011-09-09,11.32101821899414
2011-09-12,11.394797325134277
2011-09-13,11.53515338897705
2011-09-14,11.675511360168457
2011-09-15,11.785282135009766
2011-09-16,12.011411666870117
2011-09-19,12.345213890075684
2011-09-20,12.399796485900879
2011-09-21,12.360509872436523
2011-09-22,12.05099868774414
2011-09-23,12.12537956237793
2011-09-26,12.091490745544434
2011-09-27,11.974222183227539
2011-09-28,11.906746864318848
2011-09-29,11.713601112365723
2011-09-30,11.436186790466309
2011-10-03,11.23464298248291
2011-10-04,11.171666145324707
2011-10-05,11.34411334991455
2011-10-06,11.317719459533691
2011-10-07,11.090685844421387
2011-10-10,11.66081714630127
2011-10-11,12.005112648010254
2011-10-12,12.062094688415527
2011-10-13,12.249241828918457
2011-10-14,12.656220436096191
2011-10-17,12.595939636230469
2011-10-18,12.663416862487793
2011-10-19,11.955029487609863
2011-10-20,11.85576057434082
2011-10-21,11.782578468322754
2011-10-24,12.169465065002441
2011-10-25,11.929535865783691
2011-10-26,12.014410972595215
2011-10-27,12.13707447052002
2011-10-28,12.14487361907959
2011-10-31,12.139776229858398
2011-11-01,11.891748428344727
2011-11-02,11.918739318847656
2011-11-03,12.088491439819336
2011-11-04,12.003617286682129
2011-11-07,11.988319396972656
2011-11-08,12.183260917663574
2011-11-09,11.854859352111816
2011-11-10,11.553150177001953
2011-11-11,11.53515338897705
2011-11-14,11.374401092529297
2011-11-15,11.661417961120605
2011-11-16,11.539651870727539
2011-11-17,11.318917274475098
2011-11-18,11.244843482971191
2011-11-21,11.066997528076172
2011-11-22,11.291922569274902
2011-11-23,11.006416320800781
2011-11-25,10.903844833374023
2011-11-28,11.280230522155762
2011-11-29,11.192656517028809
2011-11-30,11.462576866149902
2011-12-01,11.63442611694336
2011-12-02,11.687507629394531
2011-12-05,11.786778450012207
2011-12-06,11.724995613098145
2011-12-07,11.669214248657227
2011-12-08,11.716300010681152
2011-12-09,11.805074691772461
2011-12-12,11.751689910888672
2011-12-13,11.66081714630127
2011-12-14,11.402294158935547
2011-12-15,11.364805221557617
2011-12-16,11.427186012268066
2011-12-19,11.462874412536621
2011-12-20,11.874955177307129
2011-12-21,11.889947891235352
2011-12-22,11.952929496765137
2011-12-23,12.096284866333008
2011-12-27,12.192261695861816
2011-12-28,12.075592994689941
2011-12-29,12.149972915649414
2011-12-30,12.146368980407715
2012-01-03,12.333213806152344
2012-01-04,12.399495124816895
2012-01-05,12.537155151367188
2012-01-06,12.66821575164795
2012-01-09,12.648122787475586
2012-01-10,12.693410873413086
2012-01-11,12.672714233398438
2012-01-12,12.637925148010254
2012-01-13,12.59054183959961
2012-01-17,12.737196922302246
2012-01-18,12.869458198547363
2012-01-19,12.828667640686035
2012-01-20,12.605234146118164
2012-01-23,12.818470001220703
2012-01-24,12.608537673950195
2012-01-25,13.395800590515137
2012-01-26,13.334917068481445
2012-01-27,13.41439437866211
2012-01-30,13.586246490478516
2012-01-31,13.690314292907715
2012-02-01,13.681610107421875
2012-02-02,13.649521827697754
2012-02-03,13.786286354064941
2012-02-06,13.91494369506836
2012-02-07,14.06070613861084
2012-02-08,14.296131134033203
2012-02-09,14.79068660736084
2012-02-10,14.798179626464844
2012-02-13,15.073504447937012
2012-02-14,15.279234886169434
2012-02-15,14.925641059875488
2012-02-16,15.061805725097656
2012-02-17,15.05910587310791
2012-02-21,15.440888404846191
2012-02-22,15.386604309082031
2012-02-23,15.48707389831543
2012-02-24,15.667620658874512
2012-02-27,15.768095016479492
2012-02-28,16.05750846862793
2012-02-29,16.268346786499023
2012-03-01,16.3292179107666
2012-03-02,16.35051727294922
2012-03-05,15.990025520324707
2012-03-06,15.903053283691406
2012-03-07,15.915948867797852
2012-03-08,16.254846572875977
2012-03-09,16.350215911865234
2012-03-12,16.5550594329834
2012-03-13,17.03791618347168
2012-03-14,17.682113647460938
2012-03-15,17.561559677124023
2012-03-16,17.561859130859375
2012-03-19,18.027620315551758
2012-03-20,18.17337989807129
2012-03-21,18.069602966308594
2012-03-22,17.97482681274414
2012-03-23,17.876163482666016
2012-03-26,18.20396614074707
2012-03-27,18.42889976501465
2012-03-28,18.523073196411133
2012-03-29,18.29033851623535
2012-03-30,17.981130599975586
2012-04-02,18.553363800048828
2012-04-03,18.87396812438965
2012-04-04,18.723716735839844
2012-04-05,19.004722595214844
2012-04-09,19.08119773864746
2012-04-10,18.847570419311523
2012-04-11,18.780393600463867
2012-04-12,18.67751693725586
2012-04-13,18.151477813720703
2012-04-16,17.398710250854492
2012-04-17,18.285545349121094
2012-04-18,18.244752883911133
2012-04-19,17.61793327331543
2012-04-20,17.18427085876465
2012-04-23,17.1458797454834
2012-04-24,16.803388595581055
2012-04-25,18.294538497924805
2012-04-26,18.22555160522461
2012-04-27,18.084596633911133
2012-04-30,17.514175415039062
2012-05-01,17.458688735961914
2012-05-02,17.574155807495117
2012-05-03,17.449390411376953
2012-05-04,16.952442169189453
2012-05-07,17.079301834106445
2012-05-08,17.040306091308594
2012-05-09,17.070301055908203
2012-05-10,17.110488891601562
2012-05-11,16.996219635009766
2012-05-14,16.741600036621094
2012-05-15,16.59014129638672
2012-05-16,16.37751007080078
2012-05-17,15.898848533630371
2012-05-18,15.906648635864258
2012-05-21,16.833375930786133
2012-05-22,16.70410919189453
2012-05-23,17.111690521240234
2012-05-24,16.95453643798828
2012-05-25,16.86366844177246
2012-05-29,17.162973403930664
2012-05-30,17.36990737915039
2012-05-31,17.326725006103516
2012-06-01,16.824678421020508
2012-06-04,16.92364501953125
2012-06-05,16.879863739013672
2012-06-06,17.13868522644043
2012-06-07,17.14647674560547
2012-06-08,17.404407501220703
2012-06-11,17.12998390197754
2012-06-12,17.279640197753906
2012-06-13,17.15967559814453
2012-06-14,17.14078140258789
2012-06-15,17.218765258789062
2012-06-18,17.568151473999023
2012-06-19,17.617034912109375
2012-06-20,17.566946029663086
2012-06-21,17.32493019104004
2012-06-22,17.457780838012695
2012-06-25,17.117992401123047
2012-06-26,17.155780792236328
2012-06-27,17.229854583740234
2012-06-28,17.06639862060547
2012-06-29,17.514772415161133
2012-07-02,17.770288467407227
2012-07-03,17.976926803588867
2012-07-05,18.292739868164062
2012-07-06,18.170976638793945
2012-07-09,18.411203384399414
2012-07-10,18.24085235595703
2012-07-11,18.12748146057129
2012-07-12,17.961633682250977
2012-07-13,18.1436824798584
2012-07-16,18.201871871948242
2012-07-17,18.202770233154297
2012-07-18,18.182369232177734
2012-07-19,18.42409896850586
2012-07-20,18.12359046936035
2012-07-23,18.109495162963867
2012-07-24,18.022218704223633
2012-07-25,17.243947982788086
2012-07-26,17.241256713867188
2012-07-27,17.549558639526367
2012-07-30,17.845571517944336
2012-07-31,18.317325592041016
2012-08-01,18.19886589050293
2012-08-02,18.228254318237305
2012-08-03,18.465486526489258
2012-08-06,18.67092514038086
2012-08-07,18.62173080444336
2012-08-08,18.590251922607422
2012-08-09,18.69626808166504
2012-08-10,18.725486755371094
2012-08-13,18.975479125976562
2012-08-14,19.026382446289062
2012-08-15,19.000473022460938
2012-08-16,19.16644287109375
2012-08-17,19.520952224731445
2012-08-20,20.034194946289062
2012-08-21,19.76039695739746
2012-08-22,20.146236419677734
2012-08-23,19.958290100097656
2012-08-24,19.976057052612305
2012-08-27,20.351354598999023
2012-08-28,20.324848175048828
2012-08-29,20.284788131713867
2012-08-30,19.995637893676758
2012-08-31,20.03689956665039
2012-09-04,20.329971313476562
2012-09-05,20.18720245361328
2012-09-06,20.369123458862305
2012-09-07,20.494720458984375
2012-09-10,19.961606979370117
2012-09-11,19.89684295654297
2012-09-12,20.173940658569336
2012-09-13,20.57122802734375
2012-09-14,20.82122230529785
2012-09-17,21.077234268188477
2012-09-18,21.141395568847656
2012-09-19,21.147113800048828
2012-09-20,21.044706344604492
2012-09-21,21.086580276489258
2012-09-24,20.806461334228516
2012-09-25,20.286893844604492
2012-09-26,20.035093307495117
2012-09-27,20.521230697631836
2012-09-28,20.092924118041992
2012-10-01,19.86069679260254
2012-10-02,19.918533325195312
2012-10-03,20.22394561767578
2012-10-04,20.08388900756836
2012-10-05,19.655885696411133
2012-10-08,19.221553802490234
2012-10-09,19.15167808532715
2012-10-10,19.304088592529297
2012-10-11,18.91825294494629
2012-10-12,18.966747283935547
2012-10-15,19.11884880065918
2012-10-16,19.57155418395996
2012-10-17,19.415525436401367
2012-10-18,19.055004119873047
2012-10-19,18.368270874023438
2012-10-22,19.09686851501465
2012-10-23,18.474287033081055
2012-10-24,18.578800201416016
2012-10-25,18.359228134155273
2012-10-26,18.192359924316406
2012-10-31,17.930925369262695
2012-11-01,17.967666625976562
2012-11-02,17.37310791015625
2012-11-05,17.608644485473633
2012-11-06,17.555330276489258
2012-11-07,16.883621215820312
2012-11-08,16.270906448364258
2012-11-09,16.552602767944336
2012-11-12,16.424617767333984
2012-11-13,16.42673110961914
2012-11-14,16.244577407836914
2012-11-15,15.903881072998047
2012-11-16,15.96621322631836
2012-11-19,17.117511749267578
2012-11-20,16.971662521362305
2012-11-21,16.995567321777344
2012-11-23,17.292089462280273
2012-11-26,17.837635040283203
2012-11-27,17.693912506103516
2012-11-28,17.63823890686035
2012-11-29,17.83249282836914
2012-11-30,17.709043502807617
2012-12-03,17.736568450927734
2012-12-04,17.423715591430664
2012-12-05,16.3023681640625
2012-12-06,16.558053970336914
2012-12-07,16.134748458862305
2012-12-10,16.030963897705078
2012-12-11,16.38104248046875
2012-12-12,16.30872344970703
2012-12-13,16.02703094482422
2012-12-14,15.42491340637207
2012-12-17,15.69843578338623
2012-12-18,16.15441131591797
2012-12-19,15.924762725830078
2012-12-20,15.786184310913086
2012-12-21,15.713567733764648
2012-12-24,15.738980293273926
2012-12-26,15.522032737731934
2012-12-27,15.584370613098145
2012-12-28,15.418855667114258
2012-12-31,16.102069854736328
2013-01-02,16.612205505371094
2013-01-03,16.40252685546875
2013-01-04,15.945636749267578
2013-01-07,15.851835250854492
2013-01-08,15.894506454467773
2013-01-09,15.64609432220459
2013-01-10,15.840044975280762
2013-01-11,15.742912292480469
2013-01-14,15.181639671325684
2013-01-15,14.702665328979492
2013-01-16,15.312956809997559
2013-01-17,15.209784507751465
2013-01-18,15.128692626953125
2013-01-22,15.273015022277832
2013-01-23,15.552597999572754
2013-01-24,13.63094711303711
2013-01-25,13.309615135192871
2013-01-28,13.610678672790527
2013-01-29,13.866050720214844
2013-01-30,13.822476387023926
2013-01-31,13.781933784484863
2013-02-01,13.725349426269531
2013-02-04,13.383444786071777
2013-02-05,13.85303783416748
2013-02-06,13.838210105895996
2013-02-07,14.249678611755371
2013-02-08,14.45540714263916
2013-02-11,14.60605525970459
2013-02-12,14.23993968963623
2013-02-13,14.212852478027344
2013-02-14,14.200068473815918
2013-02-15,14.00438117980957
2013-02-19,13.99920654296875
2013-02-20,13.660175323486328
2013-02-21,13.575264930725098
2013-02-22,13.719825744628906
2013-02-25,13.476052284240723
2013-02-26,13.663829803466797
2013-02-27,13.529919624328613
2013-02-28,13.433444023132324
2013-03-01,13.100807189941406
2013-03-04,12.783682823181152
2013-03-05,13.121193885803223
2013-03-06,12.954416275024414
2013-03-07,13.10414981842041
2013-03-08,13.138847351074219
2013-03-11,13.32601261138916
2013-03-12,13.038722038269043
2013-03-13,13.036286354064941
2013-03-14,13.162586212158203
2013-03-15,13.502226829528809
2013-03-18,13.869253158569336
2013-03-19,13.83182144165039
2013-03-20,13.758471488952637
2013-03-21,13.778258323669434
2013-03-22,14.057642936706543
2013-03-25,14.108466148376465
2013-03-26,14.034205436706543
2013-03-27,13.758471488952637
2013-03-28,13.471793174743652
2013-04-01,13.053327560424805
2013-04-02,13.080106735229492
2013-04-03,13.147064208984375
2013-04-04,13.017110824584961
2013-04-05,12.879549980163574
2013-04-08,12.971160888671875
2013-04-09,12.994588851928711
2013-04-10,13.259664535522461
2013-04-11,13.218279838562012
2013-04-12,13.080410957336426
2013-04-15,12.777597427368164
2013-04-16,12.972067832946777
2013-04-17,12.258705139160156
2013-04-18,11.931546211242676
2013-04-19,11.885282516479492
2013-04-22,12.133009910583496
2013-04-23,12.360048294067383
2013-04-24,12.339653968811035
2013-04-25,12.428520202636719
2013-04-26,12.69694709777832
2013-04-29,13.090152740478516
2013-04-30,13.475441932678223
2013-05-01,13.369230270385742
2013-05-02,13.558834075927734
2013-05-03,13.694563865661621
2013-05-06,14.021120071411133
2013-05-07,13.95872974395752
2013-05-08,14.116378784179688
2013-05-09,13.99322509765625
2013-05-10,13.876811027526855
2013-05-13,13.931037902832031
2013-05-14,13.597723960876465
2013-05-15,13.137892723083496
2013-05-16,13.31342887878418
2013-05-17,13.272993087768555
2013-05-20,13.569231986999512
2013-05-21,13.4690580368042
2013-05-22,13.520829200744629
2013-05-23,13.545031547546387
2013-05-24,13.63724136352539
2013-05-28,13.523587226867676
2013-05-29,13.63111686706543
2013-05-30,13.834226608276367
2013-05-31,13.777554512023926
2013-06-03,13.807878494262695
2013-06-04,13.76468563079834
2013-06-05,13.636017799377441
2013-06-06,13.432293891906738
2013-06-07,13.53492259979248
2013-06-10,13.445469856262207
2013-06-11,13.405948638916016
2013-06-12,13.240213394165039
2013-06-13,13.355710983276367
2013-06-14,13.174654960632324
2013-06-17,13.234390258789062
2013-06-18,13.227346420288086
2013-06-19,12.958672523498535
2013-06-20,12.769962310791016
2013-06-21,12.66763973236084
2013-06-24,12.331880569458008
2013-06-25,12.334635734558105
2013-06-26,12.194940567016602
2013-06-27,12.063516616821289
2013-06-28,12.147758483886719
2013-07-01,12.536524772644043
2013-07-02,12.82050895690918
2013-07-03,12.891280174255371
2013-07-05,12.787726402282715
2013-07-08,12.71512222290039
2013-07-09,12.938763618469238
2013-07-10,12.889130592346191
2013-07-11,13.090099334716797
2013-07-12,13.066204071044922
2013-07-15,13.094694137573242
2013-07-16,13.179248809814453
2013-07-17,13.182619094848633
2013-07-18,13.227036476135254
2013-07-19,13.018414497375488
2013-07-22,13.060077667236328
2013-07-23,12.835827827453613
2013-07-24,13.495100975036621
2013-07-25,13.433517456054688
2013-07-26,13.509801864624023
2013-07-29,13.718120574951172
2013-07-30,13.887535095214844
2013-07-31,13.863334655761719
2013-08-01,13.990464210510254
2013-08-02,14.169988632202148
2013-08-05,14.38167667388916
2013-08-06,14.253007888793945
2013-08-07,14.244741439819336
2013-08-08,14.2163667678833
2013-08-09,14.01407527923584
2013-08-12,14.41218376159668
2013-08-13,15.097081184387207
2013-08-14,15.372465133666992
2013-08-15,15.354265213012695
2013-08-16,15.490570068359375
2013-08-19,15.657402038574219
2013-08-20,15.451711654663086
2013-08-21,15.491497993469238
2013-08-22,15.510000228881836
2013-08-23,15.45017147064209
2013-08-26,15.51031494140625
2013-08-27,15.06686782836914
2013-08-28,15.138096809387207
2013-08-29,15.16277027130127
2013-08-30,15.024615287780762
2013-09-03,15.066557884216309
2013-09-04,15.378323554992676
2013-09-05,15.272859573364258
2013-09-06,15.3638277053833
2013-09-09,15.608983993530273
2013-09-10,15.253429412841797
2013-09-11,14.422979354858398
2013-09-12,14.57654857635498
2013-09-13,14.336324691772461
2013-09-16,13.880549430847168
2013-09-17,14.040905952453613
2013-09-18,14.329541206359863
2013-09-19,14.564519882202148
2013-09-20,14.413728713989258
2013-09-23,15.130085945129395
2013-09-24,15.08259391784668
2013-09-25,14.849156379699707
2013-09-26,14.993781089782715
2013-09-27,14.886775970458984
2013-09-30,14.701749801635742
2013-10-01,15.047436714172363
2013-10-02,15.096778869628906
2013-10-03,14.907132148742676
2013-10-04,14.895406723022461
2013-10-07,15.040963172912598
2013-10-08,14.830965042114258
2013-10-09,15.005188941955566
2013-10-10,15.099242210388184
2013-10-11,15.197000503540039
2013-10-14,15.29660415649414
2013-10-15,15.378012657165527
2013-10-16,15.452945709228516
2013-10-17,15.557493209838867
2013-10-18,15.69287109375
2013-10-21,16.07740592956543
2013-10-22,16.03145980834961
2013-10-23,16.18841552734375
2013-10-24,16.40274429321289
2013-10-25,16.219263076782227
2013-10-28,16.34014129638672
2013-10-29,15.933085441589355
2013-10-30,16.186574935913086
2013-10-31,16.118728637695312
2013-11-01,16.036399841308594
2013-11-04,16.243623733520508
2013-11-05,16.203536987304688
2013-11-06,16.157629013061523
2013-11-07,15.89614486694336
2013-11-08,16.146465301513672
2013-11-11,16.099620819091797
2013-11-12,16.1294002532959
2013-11-13,16.148635864257812
2013-11-14,16.382190704345703
2013-11-15,16.28386116027832
2013-11-18,16.08659553527832
2013-11-19,16.115129470825195
2013-11-20,15.97400188446045
2013-11-21,16.164453506469727
2013-11-22,16.122888565063477
2013-11-25,16.245094299316406
2013-11-26,16.544723510742188
2013-11-27,16.93430519104004
2013-11-29,17.24789047241211
2013-12-02,17.097774505615234
2013-12-03,17.56581687927246
2013-12-04,17.52488136291504
2013-12-05,17.61482810974121
2013-12-06,17.370410919189453
2013-12-09,17.569232940673828
2013-12-10,17.54193878173828
2013-12-11,17.411975860595703
2013-12-12,17.386545181274414
2013-12-13,17.197021484375
2013-12-16,17.29224395751953
2013-12-17,17.21439552307129
2013-12-18,17.083505630493164
2013-12-19,16.887779235839844
2013-12-20,17.029220581054688
2013-12-23,17.682756423950195
2013-12-24,17.607696533203125
2013-12-26,17.490764617919922
2013-12-27,17.37258529663086
2013-12-30,17.199813842773438
2013-12-31,17.40142822265625
2014-01-02,17.156696319580078
2014-01-03,16.779836654663086
2014-01-06,16.871339797973633
2014-01-07,16.750682830810547
2014-01-08,16.856769561767578
2014-01-09,16.641508102416992
2014-01-10,16.53045654296875
2014-01-13,16.616994857788086
2014-01-14,16.947649002075195
2014-01-15,17.287900924682617
2014-01-16,17.19144630432129
2014-01-17,16.770227432250977
2014-01-21,17.030773162841797
2014-01-22,17.1064510345459
2014-01-23,17.251304626464844
2014-01-24,16.937719345092773
2014-01-27,17.075119018554688
2014-01-28,15.710358619689941
2014-01-29,15.532007217407227
2014-01-30,15.501916885375977
2014-01-31,15.527349472045898
2014-02-03,15.556199073791504
2014-02-04,15.781386375427246
2014-02-05,15.899250984191895
2014-02-06,15.991931915283203
2014-02-07,16.21564483642578
2014-02-10,16.50615882873535
2014-02-11,16.72364616394043
2014-02-12,16.72239112854004
2014-02-13,16.98793601989746
2014-02-14,16.97420310974121
2014-02-18,17.036605834960938
2014-02-19,16.767637252807617
2014-02-20,16.57355308532715
2014-02-21,16.389461517333984
2014-02-24,16.46121597290039
2014-02-25,16.289915084838867
2014-02-26,16.142948150634766
2014-02-27,16.464967727661133
2014-02-28,16.420347213745117
2014-03-03,16.4677734375
2014-03-04,16.576366424560547
2014-03-05,16.61130714416504
2014-03-06,16.56106948852539
2014-03-07,16.551401138305664
2014-03-10,16.566370010375977
2014-03-11,16.727699279785156
2014-03-12,16.743925094604492
2014-03-13,16.557952880859375
2014-03-14,16.37198829650879
2014-03-17,16.435949325561523
2014-03-18,16.581356048583984
2014-03-19,16.576984405517578
2014-03-20,16.497106552124023
2014-03-21,16.627225875854492
2014-03-24,16.82442855834961
2014-03-25,17.005414962768555
2014-03-26,16.842836380004883
2014-03-27,16.770442962646484
2014-03-28,16.751728057861328
2014-03-31,16.74798011779785
2014-04-01,16.90118408203125
2014-04-02,16.929269790649414
2014-04-03,16.811946868896484
2014-04-04,16.594459533691406
2014-04-07,16.333913803100586
2014-04-08,16.332979202270508
2014-04-09,16.547657012939453
2014-04-10,16.33422088623047
2014-04-11,16.213464736938477
2014-04-14,16.27806854248047
2014-04-15,16.1619815826416
2014-04-16,16.194747924804688
2014-04-17,16.379779815673828
2014-04-21,16.57417869567871
2014-04-22,16.59071922302246
2014-04-23,16.373849868774414
2014-04-24,17.71621322631836
2014-04-25,17.846332550048828
2014-04-28,18.537479400634766
2014-04-29,18.48256492614746
2014-04-30,18.412662506103516
2014-05-01,18.456045150756836
2014-05-02,18.4903564453125
2014-05-05,18.751848220825195
2014-05-06,18.54746437072754
2014-05-07,18.48256492614746
2014-05-08,18.44961929321289
2014-05-09,18.37274169921875
2014-05-12,18.601482391357422
2014-05-13,18.630666732788086
2014-05-14,18.634113311767578
2014-05-15,18.475656509399414
2014-05-16,18.74833106994629
2014-05-19,18.97048568725586
2014-05-20,18.974246978759766
2014-05-21,19.02444839477539
2014-05-22,19.0545654296875
2014-05-23,19.269821166992188
2014-05-27,19.630659103393555
2014-05-28,19.57982635498047
2014-05-29,19.936588287353516
2014-05-30,19.861913681030273
2014-06-02,19.725421905517578
2014-06-03,20.004364013671875
2014-06-04,20.232789993286133
2014-06-05,20.312177658081055
2014-06-06,20.256330490112305
2014-06-09,20.58045768737793
2014-06-10,20.70125961303711
2014-06-11,20.6156005859375
2014-06-12,20.27075958251953
2014-06-13,20.048921585083008
2014-06-16,20.250993728637695
2014-06-17,20.224634170532227
2014-06-18,20.24660301208496
2014-06-19,20.17631721496582
2014-06-20,19.96765899658203
2014-06-23,19.950082778930664
2014-06-24,19.829286575317383
2014-06-25,19.846847534179688
2014-06-26,19.9654598236084
2014-06-27,20.202672958374023
2014-06-30,20.411334991455078
2014-07-01,20.540922164916992
2014-07-02,20.532135009765625
2014-07-03,20.65294075012207
2014-07-07,21.07904624938965
2014-07-08,20.9428653717041
2014-07-09,20.9516544342041
2014-07-10,20.87477684020996
2014-07-11,20.914308547973633
2014-07-14,21.18446922302246
2014-07-15,20.936281204223633
2014-07-16,20.817668914794922
2014-07-17,20.446470260620117
2014-07-18,20.740795135498047
2014-07-21,20.633167266845703
2014-07-22,20.804492950439453
2014-07-23,21.347007751464844
2014-07-24,21.311859130859375
2014-07-25,21.452436447143555
2014-07-28,21.748952865600586
2014-07-29,21.608383178710938
2014-07-30,21.55786895751953
2014-07-31,20.997772216796875
2014-08-01,21.11418342590332
2014-08-04,20.995582580566406
2014-08-05,20.89234733581543
2014-08-06,20.857206344604492
2014-08-07,20.85500144958496
2014-08-08,20.912389755249023
2014-08-11,21.18830680847168
2014-08-12,21.18389320373535
2014-08-13,21.464223861694336
2014-08-14,21.52161979675293
2014-08-15,21.6275691986084
2014-08-18,21.888036727905273
2014-08-19,22.190446853637695
2014-08-20,22.199270248413086
2014-08-21,22.201486587524414
2014-08-22,22.364822387695312
2014-08-25,22.41339111328125
2014-08-26,22.2699031829834
2014-08-27,22.54361915588379
2014-08-28,22.570104598999023
2014-08-29,22.62529182434082
2014-09-02,22.801876068115234
2014-09-03,21.8394718170166
2014-09-04,21.65846824645996
2014-09-05,21.846101760864258
2014-09-08,21.711448669433594
2014-09-09,21.629777908325195
2014-09-10,22.294189453125
2014-09-11,22.38910484313965
2014-09-12,22.43987464904785
2014-09-15,22.43325424194336
2014-09-16,22.26328468322754
2014-09-17,22.422212600708008
2014-09-18,22.468568801879883
2014-09-19,22.285358428955078
2014-09-22,22.307430267333984
2014-09-23,22.656187057495117
2014-09-24,22.45973777770996
2014-09-25,21.603286743164062
2014-09-26,22.23900032043457
2014-09-29,22.09773063659668
2014-09-30,22.23900032043457
2014-10-01,21.89244842529297
2014-10-02,22.05137825012207
2014-10-03,21.989574432373047
2014-10-06,21.989574432373047
2014-10-07,21.79754066467285
2014-10-08,22.250043869018555
2014-10-09,22.298603057861328
2014-10-10,22.23459243774414
2014-10-13,22.03152084350586
2014-10-14,21.79754066467285
2014-10-15,21.53044319152832
2014-10-16,21.247907638549805
2014-10-17,21.559146881103516
2014-10-20,22.020475387573242
2014-10-21,22.61866569519043
2014-10-22,22.733455657958984
2014-10-23,23.13960075378418
2014-10-24,23.225690841674805
2014-10-27,23.201404571533203
2014-10-28,23.56120491027832
2014-10-29,23.69364356994629
2014-10-30,23.61417579650879
2014-10-31,23.839332580566406
2014-11-03,24.148353576660156
2014-11-04,23.971769332885742
2014-11-05,24.029155731201172
2014-11-06,24.097875595092773
2014-11-07,24.166608810424805
2014-11-10,24.12670135498047
2014-11-11,24.319578170776367
2014-11-12,24.6632022857666
2014-11-13,25.011249542236328
2014-11-14,25.312753677368164
2014-11-17,25.270633697509766
2014-11-18,25.598731994628906
2014-11-19,25.4213809967041
2014-11-20,25.784950256347656
2014-11-21,25.820430755615234
2014-11-24,26.299285888671875
2014-11-25,26.07094383239746
2014-11-26,26.381305694580078
2014-11-28,26.365787506103516
2014-12-01,25.51006507873535
2014-12-02,25.412517547607422
2014-12-03,25.700719833374023
2014-12-04,25.60317039489746
2014-12-05,25.49454689025879
2014-12-08,24.918140411376953
2014-12-09,25.299457550048828
2014-12-10,24.81838607788086
2014-12-11,24.745227813720703
2014-12-12,24.326221466064453
2014-12-15,23.993698120117188
2014-12-16,23.665586471557617
2014-12-17,24.255287170410156
2014-12-18,24.97356605529785
2014-12-19,24.780696868896484
2014-12-22,25.03785514831543
2014-12-23,24.949174880981445
2014-12-24,24.831693649291992
2014-12-26,25.270633697509766
2014-12-29,25.252899169921875
2014-12-30,24.94474983215332
2014-12-31,24.470333099365234
2015-01-02,24.237550735473633
2015-01-05,23.55474281311035
2015-01-06,23.556957244873047
2015-01-07,23.887279510498047
2015-01-08,24.805082321166992
2015-01-09,24.831693649291992
2015-01-12,24.219806671142578
2015-01-13,24.434860229492188
2015-01-14,24.341747283935547
2015-01-15,23.681108474731445
2015-01-16,23.49709701538086
2015-01-20,24.102323532104492
2015-01-21,24.28632354736328
2015-01-22,24.918140411376953
2015-01-23,25.04672622680664
2015-01-26,25.073335647583008
2015-01-27,24.19542694091797
2015-01-28,25.563270568847656
2015-01-29,26.359140396118164
2015-01-30,25.973403930664062
2015-02-02,26.299285888671875
2015-02-03,26.303722381591797
2015-02-04,26.505456924438477
2015-02-05,26.694639205932617
2015-02-06,26.46984100341797
2015-02-09,26.645671844482422
2015-02-10,27.157573699951172
2015-02-11,27.794116973876953
2015-02-12,28.14577293395996
2015-02-13,28.283763885498047
2015-02-17,28.450693130493164
2015-02-18,28.648771286010742
2015-02-19,28.58868408203125
2015-02-20,28.82237434387207
2015-02-23,29.601364135742188
2015-02-24,29.416627883911133
2015-02-25,28.664350509643555
2015-02-26,29.027141571044922
2015-02-27,28.590900421142578
2015-03-02,28.731124877929688
2015-03-03,28.791215896606445
2015-03-04,28.60871696472168
2015-03-05,28.134645462036133
2015-03-06,28.176939010620117
2015-03-09,28.297122955322266
2015-03-10,27.711763381958008
2015-03-11,27.20654296875
2015-03-12,27.69841194152832
2015-03-13,27.50701141357422
2015-03-16,27.8096923828125
2015-03-17,28.274858474731445
2015-03-18,28.59313201904297
2015-03-19,28.377243041992188
2015-03-20,28.021142959594727
2015-03-23,28.312694549560547
2015-03-24,28.196958541870117
2015-03-25,27.460264205932617
2015-03-26,27.651676177978516
2015-03-27,27.431333541870117
2015-03-30,28.12574005126953
2015-03-31,27.69396209716797
2015-04-01,27.653898239135742
2015-04-02,27.892051696777344
2015-04-06,28.343856811523438
2015-04-07,28.045625686645508
2015-04-08,27.95435905456543
2015-04-09,28.16802978515625
2015-04-10,28.288209915161133
2015-04-13,28.232568740844727
2015-04-14,28.11016082763672
2015-04-15,28.21700096130371
2015-04-16,28.081228256225586
2015-04-17,27.76518440246582
2015-04-20,28.399499893188477
2015-04-21,28.24593162536621
2015-04-22,28.62652015686035
2015-04-23,28.860214233398438
2015-04-24,28.99597930908203
2015-04-27,29.523456573486328
2015-04-28,29.058300018310547
2015-04-29,28.63096809387207
2015-04-30,27.854209899902344
2015-05-01,28.69996452331543
2015-05-04,28.644323348999023
2015-05-05,27.99888038635254
2015-05-06,27.823049545288086
2015-05-07,27.995140075683594
2015-05-08,28.522602081298828
2015-05-11,28.2320556640625
2015-05-12,28.13148307800293
2015-05-13,28.162769317626953
2015-05-14,28.81984519958496
2015-05-15,28.77961540222168
2015-05-18,29.096986770629883
2015-05-19,29.07016372680664
2015-05-20,29.067928314208984
2015-05-21,29.36517906188965
2015-05-22,29.622194290161133
2015-05-26,28.969589233398438
2015-05-27,29.510454177856445
2015-05-28,29.452341079711914
2015-05-29,29.117095947265625
2015-06-01,29.175201416015625
2015-06-02,29.045578002929688
2015-06-03,29.081327438354492
2015-06-04,28.911479949951172
2015-06-05,28.752796173095703
2015-06-08,28.56282615661621
2015-06-09,28.477895736694336
2015-06-10,28.804203033447266
2015-06-11,28.739381790161133
2015-06-12,28.42202377319336
2015-06-15,28.366147994995117
2015-06-16,28.51812744140625
2015-06-17,28.45107650756836
2015-06-18,28.580699920654297
2015-06-19,28.29463005065918
2015-06-22,28.520360946655273
2015-06-23,28.39073371887207
2015-06-24,28.63210678100586
2015-06-25,28.495771408081055
2015-06-26,28.328153610229492
2015-06-29,27.831993103027344
2015-06-30,28.03314208984375
2015-07-01,28.29463005065918
2015-07-02,28.25887680053711
2015-07-06,28.160531997680664
2015-07-07,28.09124755859375
2015-07-08,27.393936157226562
2015-07-09,26.8351993560791
2015-07-10,27.55261993408203
2015-07-13,28.08453941345215
2015-07-14,28.0733642578125
2015-07-15,28.34380340576172
2015-07-16,28.721508026123047
2015-07-17,28.969589233398438
2015-07-20,29.517152786254883
2015-07-21,29.22213363647461
2015-07-22,27.986204147338867
2015-07-23,27.972787857055664
2015-07-24,27.825284957885742
2015-07-27,27.438634872436523
2015-07-28,27.574974060058594
2015-07-29,27.487808227539062
2015-07-30,27.349239349365234
2015-07-31,27.110103607177734
2015-08-03,26.470897674560547
2015-08-04,25.621610641479492
2015-08-05,25.791471481323242
2015-08-06,25.84759521484375
2015-08-07,25.935157775878906
2015-08-10,26.878093719482422
2015-08-11,25.479408264160156
2015-08-12,25.872295379638672
2015-08-13,25.85208511352539
2015-08-14,26.0339412689209
2015-08-17,26.303348541259766
2015-08-18,26.155179977416992
2015-08-19,25.820659637451172
2015-08-20,25.29081916809082
2015-08-21,23.743967056274414
2015-08-24,23.151262283325195
2015-08-25,23.29045295715332
2015-08-26,24.626277923583984
2015-08-27,25.35143280029297
2015-08-28,25.434507369995117
2015-08-31,25.315513610839844
2015-09-01,24.183996200561523
2015-09-02,25.221221923828125
2015-09-03,24.778942108154297
2015-09-04,24.53197479248047
2015-09-08,25.2144832611084
2015-09-09,24.72955894470215
2015-09-10,25.272859573364258
2015-09-11,25.64104461669922
2015-09-14,25.888010025024414
2015-09-15,26.105783462524414
2015-09-16,26.134973526000977
2015-09-17,25.575942993164062
2015-09-18,25.47041893005371
2015-09-21,25.865556716918945
2015-09-22,25.459203720092773
2015-09-23,25.665742874145508
2015-09-24,25.818410873413086
2015-09-25,25.753307342529297
2015-09-28,25.243663787841797
2015-09-29,24.484834671020508
2015-09-30,24.763229370117188
2015-10-01,24.601579666137695
2015-10-02,24.78118133544922
2015-10-05,24.870994567871094
2015-10-06,24.98997688293457
2015-10-07,24.870994567871094
2015-10-08,24.583621978759766
2015-10-09,25.17183494567871
2015-10-12,25.055086135864258
2015-10-13,25.097745895385742
2015-10-14,24.743013381958008
2015-10-15,25.11345672607422
2015-10-16,24.929357528686523
2015-10-19,25.084278106689453
2015-10-20,25.54226303100586
2015-10-21,25.540019989013672
2015-10-22,25.930660247802734
2015-10-23,26.734399795532227
2015-10-26,25.88127326965332
2015-10-27,25.717384338378906
2015-10-28,26.777063369750977
2015-10-29,27.05994415283203
2015-10-30,26.828699111938477
2015-11-02,27.205875396728516
2015-11-03,27.51793670654297
2015-11-04,27.389968872070312
2015-11-05,27.263708114624023
2015-11-06,27.295270919799805
2015-11-09,27.184785842895508
2015-11-10,26.3280029296875
2015-11-11,26.179197311401367
2015-11-12,26.091266632080078
2015-11-13,25.329179763793945
2015-11-16,25.74404525756836
2015-11-17,25.633567810058594
2015-11-18,26.44525146484375
2015-11-19,26.78119468688965
2015-11-20,26.898447036743164
2015-11-23,26.548973083496094
2015-11-24,26.803747177124023
2015-11-25,26.612096786499023
2015-11-27,26.56249237060547
2015-11-30,26.672983169555664
2015-12-01,26.45652961730957
2015-12-02,26.2175235748291
2015-12-03,25.974027633666992
2015-12-04,26.837566375732422
2015-12-07,26.66846466064453
2015-12-08,26.657196044921875
2015-12-09,26.06871795654297
2015-12-10,26.19272804260254
2015-12-11,25.518579483032227
2015-12-14,25.360750198364258
2015-12-15,24.912065505981445
2015-12-16,25.103710174560547
2015-12-17,24.571603775024414
2015-12-18,23.90647315979004
2015-12-21,24.199581146240234
2015-12-22,24.177038192749023
2015-12-23,24.48818016052246
2015-12-24,24.357406616210938
2015-12-28,24.08458709716797
2015-12-29,24.517492294311523
2015-12-30,24.197330474853516
2015-12-31,23.732851028442383
2016-01-04,23.753149032592773
2016-01-05,23.157915115356445
2016-01-06,22.704723358154297
2016-01-07,21.746479034423828
2016-01-08,21.86146354675293
2016-01-11,22.215456008911133
2016-01-12,22.537879943847656
2016-01-13,21.958415985107422
2016-01-14,22.43866729736328
2016-01-15,21.899791717529297
2016-01-19,21.7938289642334
2016-01-20,21.823139190673828
2016-01-21,21.71265983581543
2016-01-22,22.8670597076416
2016-01-25,22.420631408691406
2016-01-26,22.54463768005371
2016-01-27,21.063310623168945
2016-01-28,21.214372634887695
2016-01-29,21.9471492767334
2016-02-01,21.741968154907227
2016-02-02,21.302305221557617
2016-02-03,21.72393226623535
2016-02-04,21.898483276367188
2016-02-05,21.313617706298828
2016-02-08,21.538043975830078
2016-02-09,21.533506393432617
2016-02-10,21.370290756225586
2016-02-11,21.241077423095703
2016-02-12,21.30681610107422
2016-02-16,21.907550811767578
2016-02-17,22.243053436279297
2016-02-18,21.8214054107666
2016-02-19,21.771541595458984
2016-02-22,21.961957931518555
2016-02-23,21.46550178527832
2016-02-24,21.785140991210938
2016-02-25,21.93475341796875
2016-02-26,21.9687557220459
2016-02-29,21.918888092041016
2016-03-01,22.789382934570312
2016-03-02,22.839252471923828
2016-03-03,23.009275436401367
2016-03-04,23.351585388183594
2016-03-07,23.093154907226562
2016-03-08,22.902729034423828
2016-03-09,22.92313575744629
2016-03-10,22.934467315673828
2016-03-11,23.18156623840332
2016-03-14,23.24049949645996
2016-03-15,23.707490921020508
2016-03-16,24.0225887298584
2016-03-17,23.98405647277832
2016-03-18,24.011260986328125
2016-03-21,24.00899314880371
2016-03-22,24.192609786987305
2016-03-23,24.058866500854492
2016-03-24,23.954580307006836
2016-03-28,23.845773696899414
2016-03-29,24.410234451293945
2016-03-30,24.836416244506836
2016-03-31,24.707202911376953
2016-04-01,24.933895111083984
2016-04-04,25.190052032470703
2016-04-05,24.893085479736328
2016-04-06,25.153791427612305
2016-04-07,24.605194091796875
2016-04-08,24.63239288330078
2016-04-11,24.71400260925293
2016-04-12,25.035905838012695
2016-04-13,25.39861488342285
2016-04-14,25.412221908569336
2016-04-15,24.902158737182617
2016-04-18,24.364898681640625
2016-04-19,24.235685348510742
2016-04-20,24.285554885864258
2016-04-21,24.0225887298584
2016-04-22,23.95685577392578
2016-04-25,23.820837020874023
2016-04-26,23.65534782409668
2016-04-27,22.175052642822266
2016-04-28,21.49724578857422
2016-04-29,21.250144958496094
2016-05-02,21.22747802734375
2016-05-03,21.576580047607422
2016-05-04,21.352153778076172
2016-05-05,21.265483856201172
2016-05-06,21.146892547607422
2016-05-09,21.162857055664062
2016-05-10,21.306543350219727
2016-05-11,21.099002838134766
2016-05-12,20.604076385498047
2016-05-13,20.645130157470703
2016-05-16,21.41145133972168
2016-05-17,21.322507858276367
2016-05-18,21.566545486450195
2016-05-19,21.484434127807617
2016-05-20,21.71707534790039
2016-05-23,21.9930362701416
2016-05-24,22.32830238342285
2016-05-25,22.720592498779297
2016-05-26,22.900775909423828
2016-05-27,22.8870906829834
2016-05-31,22.775331497192383
2016-06-01,22.45602798461914
2016-06-02,22.287250518798828
2016-06-03,22.33287239074707
2016-06-06,22.49479866027832
2016-06-07,22.586030960083008
2016-06-08,22.565502166748047
2016-06-09,22.727432250976562
2016-06-10,22.540416717529297
2016-06-13,22.200592041015625
2016-06-14,22.227956771850586
2016-06-15,22.154970169067383
2016-06-16,22.24848175048828
2016-06-17,21.74216079711914
2016-06-20,21.6897029876709
2016-06-21,21.874448776245117
2016-06-22,21.792335510253906
2016-06-23,21.91777801513672
2016-06-24,21.301979064941406
2016-06-27,20.991802215576172
2016-06-28,21.345314025878906
2016-06-29,21.53005027770996
2016-06-30,21.80373764038086
2016-07-01,21.869876861572266
2016-07-05,21.664613723754883
2016-07-06,21.787778854370117
2016-07-07,21.88128662109375
2016-07-08,22.050060272216797
2016-07-11,22.118484497070312
2016-07-12,22.218828201293945
2016-07-13,22.093395233154297
2016-07-14,22.53129768371582
2016-07-15,22.529006958007812
2016-07-18,22.76848602294922
2016-07-19,22.777610778808594
2016-07-20,22.798139572143555
2016-07-21,22.67725372314453
2016-07-22,22.501649856567383
2016-07-25,22.200592041015625
2016-07-26,22.047779083251953
2016-07-27,23.48007583618164
2016-07-28,23.797096252441406
2016-07-29,23.767440795898438
2016-08-01,24.18709945678711
2016-08-02,23.829021453857422
2016-08-03,24.127798080444336
2016-08-04,24.27684783935547
2016-08-05,24.646034240722656
2016-08-08,24.850122451782227
2016-08-09,24.95101547241211
2016-08-10,24.765274047851562
2016-08-11,24.74921989440918
2016-08-12,24.806549072265625
2016-08-15,25.104652404785156
2016-08-16,25.081722259521484
2016-08-17,25.045028686523438
2016-08-18,25.012929916381836
2016-08-19,25.077136993408203
2016-08-22,24.882226943969727
2016-08-23,24.96018409729004
2016-08-24,24.772153854370117
2016-08-25,24.66667366027832
2016-08-26,24.52220916748047
2016-08-29,24.494686126708984
2016-08-30,24.306657791137695
2016-08-31,24.3295955657959
2016-09-01,24.474063873291016
2016-09-02,24.703369140625
2016-09-06,24.696481704711914
2016-09-07,24.84782600402832
2016-09-08,24.196592330932617
2016-09-09,23.648544311523438
2016-09-12,24.178251266479492
2016-09-13,24.75380516052246
2016-09-14,25.62976837158203
2016-09-15,26.501131057739258
2016-09-16,26.35209083557129
2016-09-19,26.044811248779297
2016-09-20,26.042522430419922
2016-09-21,26.037933349609375
2016-09-22,26.283296585083008
2016-09-23,25.845321655273438
2016-09-26,25.88429832458496
2016-09-27,25.932451248168945
2016-09-28,26.12965202331543
2016-09-29,25.723783493041992
2016-09-30,25.92327880859375
2016-10-03,25.80175018310547
2016-10-04,25.911815643310547
2016-10-05,25.92327880859375
2016-10-06,26.115896224975586
2016-10-07,26.154882431030273
2016-10-10,26.611207962036133
2016-10-11,26.668533325195312
2016-10-12,26.907020568847656
2016-10-13,26.824462890625
2016-10-14,26.973514556884766
2016-10-17,26.955163955688477
2016-10-18,26.93682289123535
2016-10-19,26.856563568115234
2016-10-20,26.842805862426758
2016-10-21,26.73732566833496
2016-10-24,26.978099822998047
2016-10-25,27.115680694580078
2016-10-26,26.505725860595703
2016-10-27,26.25119400024414
2016-10-28,26.076921463012695
2016-10-31,26.035642623901367
2016-11-01,25.565561294555664
2016-11-02,25.588485717773438
2016-11-03,25.314220428466797
2016-11-04,25.086030960083008
2016-11-07,25.447898864746094
2016-11-08,25.597713470458984
2016-11-09,25.556224822998047
2016-11-10,24.844022750854492
2016-11-11,24.991535186767578
2016-11-14,24.364614486694336
2016-11-15,24.68729019165039
2016-11-16,25.351091384887695
2016-11-17,25.34187126159668
2016-11-18,25.367229461669922
2016-11-21,25.752138137817383
2016-11-22,25.768272399902344
2016-11-23,25.636892318725586
2016-11-25,25.765972137451172
2016-11-28,25.71525764465332
2016-11-29,25.689910888671875
2016-11-30,25.473249435424805
2016-12-01,25.235851287841797
2016-12-02,25.330345153808594
2016-12-05,25.14826774597168
2016-12-06,25.34187126159668
2016-12-07,25.59079933166504
2016-12-08,25.84203338623047
2016-12-09,26.26380729675293
2016-12-12,26.113996505737305
2016-12-13,26.549617767333984
2016-12-14,26.549617767333984
2016-12-15,26.69482421875
2016-12-16,26.729393005371094
2016-12-19,26.88382339477539
2016-12-20,26.955272674560547
2016-12-21,26.980623245239258
2016-12-22,26.80314826965332
2016-12-23,26.85616111755371
2016-12-27,27.026721954345703
2016-12-28,26.911474227905273
2016-12-29,26.90455436706543
2016-12-30,26.69482421875
2017-01-03,26.77088737487793
2017-01-04,26.74091911315918
2017-01-05,26.876903533935547
2017-01-06,27.176536560058594
2017-01-09,27.425457000732422
2017-01-10,27.4531192779541
2017-01-11,27.600627899169922
2017-01-12,27.485387802124023
2017-01-13,27.436986923217773
2017-01-17,27.658248901367188
2017-01-18,27.655946731567383
2017-01-19,27.607542037963867
2017-01-20,27.658248901367188
2017-01-23,27.67668914794922
2017-01-24,27.651336669921875
2017-01-25,28.091562271118164
2017-01-26,28.105390548706055
2017-01-27,28.107696533203125
2017-01-30,28.0339412689209
2017-01-31,27.969406127929688
2017-02-01,29.674997329711914
2017-02-02,29.624292373657227
2017-02-03,29.751054763793945
2017-02-06,30.02994155883789
2017-02-07,30.31574821472168
2017-02-08,30.433300018310547
2017-02-09,30.653209686279297
2017-02-10,30.58376693725586
2017-02-13,30.854602813720703
2017-02-14,31.25507164001465
2017-02-15,31.368484497070312
2017-02-16,31.331457138061523
2017-02-17,31.4171085357666
2017-02-21,31.643959045410156
2017-02-22,31.738866806030273
2017-02-23,31.60460662841797
2017-02-24,31.63470458984375
2017-02-27,31.697200775146484
2017-02-28,31.71109390258789
2017-03-01,32.35924530029297
2017-03-02,32.1671142578125
2017-03-03,32.35693359375
2017-03-06,32.255088806152344
2017-03-07,32.296749114990234
2017-03-08,32.17637634277344
2017-03-09,32.102298736572266
2017-03-10,32.20878601074219
2017-03-13,32.222679138183594
2017-03-14,32.17405700683594
2017-03-15,32.51434326171875
2017-03-16,32.56758117675781
2017-03-17,32.40553665161133
2017-03-20,32.74583435058594
2017-03-21,32.370826721191406
2017-03-22,32.736572265625
2017-03-23,32.62082290649414
2017-03-24,32.556026458740234
2017-03-27,32.611568450927734
2017-03-28,33.28750991821289
2017-03-29,33.36158752441406
2017-03-30,33.317596435546875
2017-03-31,33.255096435546875
2017-04-03,33.264339447021484
2017-04-04,33.51204299926758
2017-04-05,33.33842849731445
2017-04-06,33.255096435546875
2017-04-07,33.1810188293457
2017-04-10,33.14167404174805
2017-04-11,32.7851676940918
2017-04-12,32.82453155517578
2017-04-13,32.65092468261719
2017-04-17,32.83147048950195
2017-04-18,32.68564224243164
2017-04-19,32.56527328491211
2017-04-20,32.972679138183594
2017-04-21,32.93333053588867
2017-04-24,33.250465393066406
2017-04-25,33.456485748291016
2017-04-26,33.25972366333008
2017-04-27,33.285194396972656
2017-04-28,33.252777099609375
2017-05-01,33.931034088134766
2017-05-02,34.14630889892578
2017-05-03,34.042144775390625
2017-05-04,33.919464111328125
2017-05-05,34.48196029663086
2017-05-08,35.419471740722656
2017-05-09,35.646324157714844
2017-05-10,35.477333068847656
2017-05-11,35.78417205810547
2017-05-12,36.28392791748047
2017-05-15,36.19094467163086
2017-05-16,36.13747024536133
2017-05-17,34.92414093017578
2017-05-18,35.45643615722656
2017-05-19,35.577293395996094
2017-05-22,35.79347229003906
2017-05-23,35.749305725097656
2017-05-24,35.64237976074219
2017-05-25,35.76557540893555
2017-05-26,35.70513916015625
2017-05-30,35.719085693359375
2017-05-31,35.507564544677734
2017-06-01,35.605186462402344
2017-06-02,36.13282012939453
2017-06-05,35.77952575683594
2017-06-06,35.900390625
2017-06-07,36.114227294921875
2017-06-08,36.02590560913086
2017-06-09,34.628944396972656
2017-06-12,33.80146026611328
2017-06-13,34.073402404785156
2017-06-14,33.741024017333984
2017-06-15,33.53879165649414
2017-06-16,33.06925964355469
2017-06-19,34.015296936035156
2017-06-20,33.70615005493164
2017-06-21,33.90604782104492
2017-06-22,33.85026931762695
2017-06-23,34.00135803222656
2017-06-26,33.89444351196289
2017-06-27,33.408626556396484
2017-06-28,33.896759033203125
2017-06-29,33.39699935913086
2017-06-30,33.47603988647461
2017-07-03,33.35517501831055
2017-07-05,33.4923095703125
2017-07-06,33.17619323730469
2017-07-07,33.513221740722656
2017-07-10,33.7177619934082
2017-07-11,33.8270263671875
2017-07-12,33.875831604003906
2017-07-13,34.34769058227539
2017-07-14,34.642887115478516
2017-07-17,34.76375198364258
2017-07-18,34.88462829589844
2017-07-19,35.10311508178711
2017-07-20,34.94506072998047
2017-07-21,34.92879104614258
2017-07-24,35.3518180847168
2017-07-25,35.50291442871094
2017-07-26,35.67027282714844
2017-07-27,34.99619674682617
2017-07-28,34.74980926513672
2017-07-31,34.570831298828125
2017-08-01,34.87765121459961
2017-08-02,36.52566146850586
2017-08-03,36.16071701049805
2017-08-04,36.35131072998047
2017-08-07,36.91383361816406
2017-08-08,37.20903015136719
2017-08-09,37.43681335449219
2017-08-10,36.24439239501953
2017-08-11,36.74842071533203
2017-08-14,37.30146408081055
2017-08-15,37.7098503112793
2017-08-16,37.55815887451172
2017-08-17,36.83710861206055
2017-08-18,36.75308609008789
2017-08-21,36.6854362487793
2017-08-22,37.28514099121094
2017-08-23,37.331809997558594
2017-08-24,37.16612243652344
2017-08-25,37.30380630493164
2017-08-28,37.67949676513672
2017-08-29,38.01554489135742
2017-08-30,38.11820602416992
2017-08-31,38.2698860168457
2017-09-01,38.28156280517578
2017-09-05,37.82185745239258
2017-09-06,37.78219223022461
2017-09-07,37.630496978759766
2017-09-08,37.016788482666016
2017-09-11,37.68651580810547
2017-09-12,37.537166595458984
2017-09-13,37.25480651855469
2017-09-14,36.93510818481445
2017-09-15,37.30847930908203
2017-09-18,37.0261116027832
2017-09-19,37.04011917114258
2017-09-20,36.41939926147461
2017-09-21,35.79401779174805
2017-09-22,35.44398880004883
2017-09-25,35.13127899169922
2017-09-26,35.73566818237305
2017-09-27,35.99003219604492
2017-09-28,35.768333435058594
2017-09-29,35.964351654052734
2017-10-02,35.89202117919922
2017-10-03,36.04836654663086
2017-10-04,35.81501388549805
2017-10-05,36.26070785522461
2017-10-06,36.23973083496094
2017-10-09,36.36573028564453
2017-10-10,36.37971496582031
2017-10-11,36.531402587890625
2017-10-12,36.40305709838867
2017-10-13,36.63407897949219
2017-10-16,37.30847930908203
2017-10-17,37.44614791870117
2017-10-18,37.28047180175781
2017-10-19,36.39839553833008
2017-10-20,36.461402893066406
2017-10-23,36.44272994995117
2017-10-24,36.65976333618164
2017-10-25,36.498741149902344
2017-10-26,36.73208999633789
2017-10-27,38.0482063293457
2017-10-30,38.904605865478516
2017-10-31,39.445987701416016
2017-11-01,38.94427490234375
2017-11-02,39.228981018066406
2017-11-03,40.253387451171875
2017-11-06,40.6617546081543
2017-11-07,40.79242706298828
2017-11-08,41.126129150390625
2017-11-09,41.042118072509766
2017-11-10,40.90629577636719
2017-11-13,40.74235916137695
2017-11-14,40.126434326171875
2017-11-15,39.59716033935547
2017-11-16,40.070220947265625
2017-11-17,39.84774398803711
2017-11-20,39.80793380737305
2017-11-21,40.547977447509766
2017-11-22,40.97421646118164
2017-11-24,40.97654724121094
2017-11-27,40.77046203613281
2017-11-28,40.53158950805664
2017-11-29,39.69084167480469
2017-11-30,40.245872497558594
2017-12-01,40.058509826660156
2017-12-04,39.76578140258789
2017-12-05,39.728309631347656
2017-12-06,39.58076858520508
2017-12-07,39.65337371826172
2017-12-08,39.665061950683594
2017-12-11,40.43790054321289
2017-12-12,40.21074295043945
2017-12-13,40.34423065185547
2017-12-14,40.332523345947266
2017-12-15,40.74235916137695
2017-12-18,41.31612014770508
2017-12-19,40.87583541870117
2017-12-20,40.831356048583984
2017-12-21,40.985904693603516
2017-12-22,40.985904693603516
2017-12-26,39.94609451293945
2017-12-27,39.95314025878906
2017-12-28,40.0655403137207
2017-12-29,39.63228988647461
2018-01-02,40.34189224243164
2018-01-03,40.33485412597656
2018-01-04,40.522212982177734
2018-01-05,40.98357009887695
2018-01-08,40.831356048583984
2018-01-09,40.82666015625
2018-01-10,40.81728744506836
2018-01-11,41.04915237426758
2018-01-12,41.47303771972656
2018-01-16,41.26226806640625
2018-01-17,41.943756103515625
2018-01-18,41.981224060058594
2018-01-19,41.793880462646484
2018-01-22,41.45195007324219
2018-01-23,41.46132278442383
2018-01-24,40.800907135009766
2018-01-25,40.07257843017578
2018-01-26,40.166236877441406
2018-01-29,39.334869384765625
2018-01-30,39.10301971435547
2018-01-31,39.21073913574219
2018-02-01,39.29270935058594
2018-02-02,37.58778762817383
2018-02-05,36.64868927001953
2018-02-06,38.18029022216797
2018-02-07,37.362953186035156
2018-02-08,36.334869384765625
2018-02-09,36.779293060302734
2018-02-12,38.260711669921875
2018-02-13,38.644004821777344
2018-02-14,39.356502532958984
2018-02-15,40.67802810668945
2018-02-16,40.54634094238281
2018-02-20,40.40996170043945
2018-02-21,40.226539611816406
2018-02-22,40.562808990478516
2018-02-23,41.26823806762695
2018-02-26,42.08420944213867
2018-02-27,41.94782638549805
2018-02-28,41.88431930541992
2018-03-01,41.15066909790039
2018-03-02,41.435203552246094
2018-03-05,41.578643798828125
2018-03-06,41.543365478515625
2018-03-07,41.1577262878418
2018-03-08,41.60685729980469
2018-03-09,42.32169723510742
2018-03-12,42.730865478515625
2018-03-13,42.31935501098633
2018-03-14,41.95956802368164
2018-03-15,42.00895309448242
2018-03-16,41.86082458496094
2018-03-19,41.221221923828125
2018-03-20,41.20709991455078
2018-03-21,40.27357482910156
2018-03-22,39.704524993896484
2018-03-23,38.78509521484375
2018-03-26,40.62628936767578
2018-03-27,39.5845947265625
2018-03-28,39.14722442626953
2018-03-29,39.45290756225586
2018-04-02,39.19424819946289
2018-04-03,39.596351623535156
2018-04-04,40.353519439697266
2018-04-05,40.63334274291992
2018-04-06,39.59400177001953
2018-04-09,39.986690521240234
2018-04-10,40.73915481567383
2018-04-11,40.54869842529297
2018-04-12,40.948448181152344
2018-04-13,41.08718490600586
2018-04-16,41.34347915649414
2018-04-17,41.91254806518555
2018-04-18,41.818485260009766
2018-04-19,40.63334274291992
2018-04-20,38.968509674072266
2018-04-23,38.85563659667969
2018-04-24,38.31480407714844
2018-04-25,38.48175048828125
2018-04-26,38.615787506103516
2018-04-27,38.169002532958984
2018-04-30,38.86034393310547
2018-05-01,39.76329803466797
2018-05-02,41.51984786987305
2018-05-03,41.59510040283203
2018-05-04,43.227012634277344
2018-05-07,43.539772033691406
2018-05-08,43.74903106689453
2018-05-09,44.057090759277344
2018-05-10,44.68727493286133
2018-05-11,44.517311096191406
2018-05-14,44.41344451904297
2018-05-15,44.009803771972656
2018-05-16,44.42054748535156
2018-05-17,44.13962173461914
2018-05-18,43.97911834716797
2018-05-21,44.29071044921875
2018-05-22,44.17975997924805
2018-05-23,44.46302795410156
2018-05-24,44.41344451904297
2018-05-25,44.514957427978516
2018-05-29,44.35444259643555
2018-05-30,44.260005950927734
2018-05-31,44.11130142211914
2018-06-01,44.906803131103516
2018-06-04,45.28213119506836
2018-06-05,45.63149642944336
2018-06-06,45.789649963378906
2018-06-07,45.666900634765625
2018-06-08,45.25144577026367
2018-06-11,45.1404914855957
2018-06-12,45.38834762573242
2018-06-13,45.01538848876953
2018-06-14,45.03899002075195
2018-06-15,44.57632827758789
2018-06-18,44.5527229309082
2018-06-19,43.832763671875
2018-06-20,44.023963928222656
2018-06-21,43.77847671508789
2018-06-22,43.651004791259766
2018-06-25,43.00184631347656
2018-06-26,43.53532791137695
2018-06-27,43.47161102294922
2018-06-28,43.78790283203125
2018-06-29,43.69585037231445
2018-07-02,44.184486389160156
2018-07-03,43.41495132446289
2018-07-05,43.76430130004883
2018-07-06,44.37096405029297
2018-07-09,44.9870719909668
2018-07-10,44.93277359008789
2018-07-11,44.3497200012207
2018-07-12,45.09328842163086
2018-07-13,45.16409683227539
2018-07-16,45.064964294433594
2018-07-17,45.19242858886719
2018-07-18,44.94457244873047
2018-07-19,45.29393768310547
2018-07-20,45.19007110595703
2018-07-23,45.23020553588867
2018-07-24,45.55832290649414
2018-07-25,45.98793029785156
2018-07-26,45.84394454956055
2018-07-27,45.08148956298828
2018-07-30,44.82890319824219
2018-07-31,44.91860580444336
2018-08-01,47.56476593017578
2018-08-02,48.955116271972656
2018-08-03,49.09675979614258
2018-08-06,49.351680755615234
2018-08-07,48.88902282714844
2018-08-08,48.92207336425781
2018-08-09,49.306846618652344
2018-08-10,49.159976959228516
2018-08-13,49.47739028930664
2018-08-14,49.685855865478516
2018-08-15,49.80192947387695
2018-08-16,50.531517028808594
2018-08-17,51.54063034057617
2018-08-20,51.0384521484375
2018-08-21,50.93894958496094
2018-08-22,50.94131851196289
2018-08-23,51.0455436706543
2018-08-24,51.20425796508789
2018-08-27,51.62590789794922
2018-08-28,52.042816162109375
2018-08-29,52.81979751586914
2018-08-30,53.30541229248047
2018-08-31,53.921295166015625
2018-09-04,54.094207763671875
2018-09-05,53.74125671386719
2018-09-06,52.84822082519531
2018-09-07,52.421817779541016
2018-09-10,51.71829605102539
2018-09-11,53.02587890625
2018-09-12,52.36734390258789
2018-09-13,53.63229751586914
2018-09-14,53.02350616455078
2018-09-17,51.611690521240234
2018-09-18,51.69697952270508
2018-09-19,51.72776412963867
2018-09-20,52.12098693847656
2018-09-21,51.55957794189453
2018-09-24,52.30101776123047
2018-09-25,52.63266372680664
2018-09-26,52.21337890625
2018-09-27,53.28643798828125
2018-09-28,53.47358703613281
2018-10-01,53.833641052246094
2018-10-02,54.31214904785156
2018-10-03,54.97304153442383
2018-10-04,54.00657272338867
2018-10-05,53.130104064941406
2018-10-08,53.006927490234375
2018-10-09,53.74125671386719
2018-10-10,51.25164031982422
2018-10-11,50.799190521240234
2018-10-12,52.61370086669922
2018-10-15,51.488521575927734
2018-10-16,52.6231803894043
2018-10-17,52.395782470703125
2018-10-18,51.171112060546875
2018-10-19,51.950439453125
2018-10-22,52.267845153808594
2018-10-23,52.76055145263672
2018-10-24,50.950801849365234
2018-10-25,52.066505432128906
2018-10-26,51.237430572509766
2018-10-29,50.275691986083984
2018-10-30,50.526790618896484
2018-10-31,51.84384536743164
2018-11-01,52.63975143432617
2018-11-02,49.14812469482422
2018-11-05,47.752899169921875
2018-11-06,48.26930618286133
2018-11-07,49.73323440551758
2018-11-08,49.5597038269043
2018-11-09,48.6041259765625
2018-11-12,46.15572738647461
2018-11-13,45.69456100463867
2018-11-14,44.40382766723633
2018-11-15,45.49965286254883
2018-11-16,46.003604888916016
2018-11-19,44.18036651611328
2018-11-20,42.06951904296875
2018-11-21,42.0219841003418
2018-11-23,40.95467758178711
2018-11-26,41.5085334777832
2018-11-27,41.418212890625
2018-11-28,43.01084899902344
2018-11-29,42.68043899536133
2018-11-30,42.44986343383789
2018-12-03,43.93315887451172
2018-12-04,42.0005989074707
2018-12-06,41.53231430053711
2018-12-07,40.05138397216797
2018-12-10,40.315242767333984
2018-12-11,40.08466339111328
2018-12-12,40.1963996887207
2018-12-13,40.63615036010742
2018-12-14,39.33588790893555
2018-12-17,38.96980667114258
2018-12-18,39.47614288330078
2018-12-19,38.24481201171875
2018-12-20,37.27972412109375
2018-12-21,35.8297004699707
2018-12-24,34.90263366699219
2018-12-26,37.36053466796875
2018-12-27,37.118064880371094
2018-12-28,37.1370964050293
2018-12-31,37.496028900146484
2019-01-02,37.538818359375
2019-01-03,33.79967498779297
2019-01-04,35.24256134033203
2019-01-07,35.164119720458984
2019-01-08,35.83444595336914
2019-01-09,36.4429817199707
2019-01-10,36.55946350097656
2019-01-11,36.20052719116211
2019-01-14,35.65617370605469
2019-01-15,36.38594436645508
2019-01-16,36.83043670654297
2019-01-17,37.04914093017578
2019-01-18,37.27735137939453
2019-01-22,36.440608978271484
2019-01-23,36.58798599243164
2019-01-24,36.297977447509766
2019-01-25,37.50079345703125
2019-01-28,37.15373611450195
2019-01-29,36.768646240234375
2019-01-30,39.281227111816406
2019-01-31,39.564083099365234
2019-02-01,39.583106994628906
2019-02-04,40.707454681396484
2019-02-05,41.40394592285156
2019-02-06,41.418212890625
2019-02-07,40.63377380371094
2019-02-08,40.681522369384766
2019-02-11,40.44757080078125
2019-02-12,40.796104431152344
2019-02-13,40.626609802246094
2019-02-14,40.77463150024414
2019-02-15,40.68390655517578
2019-02-19,40.80565643310547
2019-02-20,41.06825637817383
2019-02-21,40.8366813659668
2019-02-22,41.292659759521484
2019-02-25,41.59345245361328
2019-02-26,41.61733627319336
2019-02-27,41.74625015258789
2019-02-28,41.33563232421875
2019-03-01,41.770111083984375
2019-03-04,41.980201721191406
2019-03-05,41.90380096435547
2019-03-06,41.662689208984375
2019-03-07,41.180458068847656
2019-03-08,41.27833938598633
2019-03-11,42.708309173583984
2019-03-12,43.18815994262695
2019-03-13,43.3791389465332
2019-03-14,43.86136245727539
2019-03-15,44.43192672729492
2019-03-18,44.8855094909668
2019-03-19,44.52980422973633
2019-03-20,44.91893005371094
2019-03-21,46.573307037353516
2019-03-22,45.608863830566406
2019-03-25,45.05739212036133
2019-03-26,44.59186935424805
2019-03-27,44.99293899536133
2019-03-28,45.05261993408203
2019-03-29,45.34625244140625
2019-04-01,45.654212951660156
2019-04-02,46.317874908447266
2019-04-03,46.6353759765625
2019-04-04,46.71654510498047
2019-04-05,47.029273986816406
2019-04-08,47.76932907104492
2019-04-09,47.626094818115234
2019-04-10,47.893470764160156
2019-04-11,47.49480056762695
2019-04-12,47.4756965637207
2019-04-15,47.5616340637207
2019-04-16,47.56641387939453
2019-04-17,48.492679595947266
2019-04-18,48.66695022583008
2019-04-22,48.82689666748047
2019-04-23,49.53113555908203
2019-04-24,49.454750061035156
2019-04-25,49.00593566894531
2019-04-26,48.7719841003418
2019-04-29,48.84599304199219
2019-04-30,47.90541076660156
2019-05-01,50.25688171386719
2019-05-02,49.9298095703125
2019-05-03,50.55050277709961
2019-05-06,49.76987075805664
2019-05-07,48.428218841552734
2019-05-08,48.437767028808594
2019-05-09,47.9173469543457
2019-05-10,47.25352096557617
2019-05-13,44.50717544555664
2019-05-14,45.21173095703125
2019-05-15,45.75333786010742
2019-05-16,45.552032470703125
2019-05-17,45.29322814941406
2019-05-20,43.87690353393555
2019-05-21,44.71807098388672
2019-05-22,43.8026123046875
2019-05-23,43.05491256713867
2019-05-24,42.88955307006836
2019-05-28,42.712215423583984
2019-05-29,42.508522033691406
2019-05-30,42.72899627685547
2019-05-31,41.95493698120117
2019-06-03,41.53076171875
2019-06-04,43.050113677978516
2019-06-05,43.74509048461914
2019-06-06,44.387351989746094
2019-06-07,45.568809509277344
2019-06-10,46.15115737915039
2019-06-11,46.6855583190918
2019-06-12,46.53697204589844
2019-06-13,46.52739334106445
2019-06-14,46.18949890136719
2019-06-17,46.465087890625
2019-06-18,47.55787658691406
2019-06-19,47.41887664794922
2019-06-20,47.7999153137207
2019-06-21,47.63694763183594
2019-06-24,47.58903503417969
2019-06-25,46.86768341064453
2019-06-26,47.88139724731445
2019-06-27,47.86701965332031
2019-06-28,47.43086242675781
2019-07-01,48.3007926940918
2019-07-02,48.583560943603516
2019-07-03,48.986167907714844
2019-07-05,48.943031311035156
2019-07-08,47.93411636352539
2019-07-09,48.22649383544922
2019-07-10,48.70338439941406
2019-07-11,48.34872055053711
2019-07-12,48.72016525268555
2019-07-15,49.177894592285156
2019-07-16,49.00774383544922
2019-07-17,48.732139587402344
2019-07-18,49.28573226928711
2019-07-19,48.550025939941406
2019-07-22,49.65957260131836
2019-07-23,50.04780197143555
2019-07-24,50.00706481933594
2019-07-25,49.61164093017578
2019-07-26,49.78418731689453
2019-07-29,50.24911117553711
2019-07-30,50.03342819213867
2019-07-31,51.0543212890625
2019-08-01,49.949554443359375
2019-08-02,48.892704010009766
2019-08-05,46.33328628540039
2019-08-06,47.21038818359375
2019-08-07,47.69926452636719
2019-08-08,48.75131607055664
2019-08-09,48.34958267211914
2019-08-12,48.22689437866211
2019-08-13,50.26923370361328
2019-08-14,48.77296447753906
2019-08-15,48.53001022338867
2019-08-16,49.6750602722168
2019-08-19,50.60120391845703
2019-08-20,50.60361099243164
2019-08-21,51.152069091796875
2019-08-22,51.10878372192383
2019-08-23,48.74650573730469
2019-08-26,49.67264938354492
2019-08-27,49.11214065551758
2019-08-28,49.44171905517578
2019-08-29,50.27885055541992
2019-08-30,50.21390151977539
2019-09-03,49.48260498046875
2019-09-04,50.32215118408203
2019-09-05,51.306026458740234
2019-09-06,51.30122375488281
2019-09-09,51.52012252807617
2019-09-10,52.12873840332031
2019-09-11,53.78617858886719
2019-09-12,53.665897369384766
2019-09-13,52.621883392333984
2019-09-16,52.89851379394531
2019-09-17,53.09096145629883
2019-09-18,53.58891677856445
2019-09-19,53.15351486206055
2019-09-20,52.37651062011719
2019-09-23,52.61466979980469
2019-09-24,52.36448669433594
2019-09-25,53.17034149169922
2019-09-26,52.896114349365234
2019-09-27,52.63871765136719
2019-09-30,53.8775749206543
2019-10-01,54.02674102783203
2019-10-02,52.67241287231445
2019-10-03,53.11982345581055
2019-10-04,54.608882904052734
2019-10-07,54.620906829833984
2019-10-08,53.98101806640625
2019-10-09,54.61369323730469
2019-10-10,55.349796295166016
2019-10-11,56.822017669677734
2019-10-14,56.74021911621094
2019-10-15,56.60791778564453
2019-10-16,56.37937545776367
2019-10-17,56.598289489746094
2019-10-18,56.87010955810547
2019-10-21,57.856407165527344
2019-10-22,57.72410583496094
2019-10-23,58.498687744140625
2019-10-24,58.594905853271484
2019-10-25,59.316585540771484
2019-10-28,59.9107551574707
2019-10-29,58.52515411376953
2019-10-30,58.5179328918457
2019-10-31,59.84099578857422
2019-11-01,61.53932571411133
2019-11-04,61.943477630615234
2019-11-05,61.854461669921875
2019-11-06,61.88093566894531
2019-11-07,62.59510040283203
2019-11-08,62.766422271728516
2019-11-11,63.26345443725586
2019-11-12,63.20554733276367
2019-11-13,63.8111457824707
2019-11-14,63.36962890625
2019-11-15,64.12242126464844
2019-11-18,64.44573211669922
2019-11-19,64.25028991699219
2019-11-20,63.5023193359375
2019-11-21,63.21761703491211
2019-11-22,63.162113189697266
2019-11-25,64.26956939697266
2019-11-26,63.767723083496094
2019-11-27,64.62425994873047
2019-11-29,64.48188781738281
2019-12-02,63.736358642578125
2019-12-03,62.59992980957031
2019-12-04,63.15245819091797
2019-12-05,64.07897186279297
2019-12-06,65.3167495727539
2019-12-09,64.40227508544922
2019-12-10,64.7786865234375
2019-12-11,65.33120727539062
2019-12-12,65.49768829345703
2019-12-13,66.38801574707031
2019-12-16,67.52444458007812
2019-12-17,67.65715026855469
2019-12-18,67.4954833984375
2019-12-19,67.56306457519531
2019-12-20,67.42310333251953
2019-12-23,68.52333068847656
2019-12-24,68.58849334716797
2019-12-26,69.94930267333984
2019-12-27,69.92277526855469
2019-12-30,70.3377685546875
2019-12-31,70.85169219970703
2020-01-02,72.46826171875
2020-01-03,71.76371765136719
2020-01-06,72.33554077148438
2020-01-07,71.995361328125
2020-01-08,73.15348815917969
2020-01-09,74.70732879638672
2020-01-10,74.8762435913086
2020-01-13,76.47590637207031
2020-01-14,75.4432373046875
2020-01-15,75.11991119384766
2020-01-16,76.06089782714844
2020-01-17,76.90296936035156
2020-01-21,76.38179016113281
2020-01-22,76.65444946289062
2020-01-23,77.02362060546875
2020-01-24,76.80162811279297
2020-01-27,74.54326629638672
2020-01-28,76.65204620361328
2020-01-29,78.25655364990234
2020-01-30,78.14317321777344
2020-01-31,74.67839050292969
2020-02-03,74.4732894897461
2020-02-04,76.93194580078125
2020-02-05,77.55925750732422
2020-02-06,78.46644592285156
2020-02-07,77.3998794555664
2020-02-10,77.76750946044922
2020-02-11,77.29830169677734
2020-02-12,79.13397216796875
2020-02-13,78.57044219970703
2020-02-14,78.58982849121094
2020-02-18,77.15078735351562
2020-02-19,78.26815795898438
2020-02-20,77.46517944335938
2020-02-21,75.71177673339844
2020-02-24,72.11544036865234
2020-02-25,69.67271423339844
2020-02-26,70.77799224853516
2020-02-27,66.15135955810547
2020-02-28,66.1126480102539
2020-03-02,72.26782989501953
2020-03-03,69.97262573242188
2020-03-04,73.21826934814453
2020-03-05,70.84329223632812
2020-03-06,69.9024887084961
2020-03-09,64.37374114990234
2020-03-10,69.0100326538086
2020-03-11,66.61328125
2020-03-12,60.03492736816406
2020-03-13,67.22760009765625
2020-03-16,58.578975677490234
2020-03-17,61.154701232910156
2020-03-18,59.657623291015625
2020-03-19,59.200531005859375
2020-03-20,55.44215393066406
2020-03-23,54.26433563232422
2020-03-24,59.70842361450195
2020-03-25,59.37950134277344
2020-03-26,62.50424575805664
2020-03-27,59.91641616821289
2020-03-30,61.62630844116211
2020-03-31,61.500545501708984
2020-04-01,58.26457214355469
2020-04-02,59.236812591552734
2020-04-03,58.385498046875
2020-04-06,63.47889709472656
2020-04-07,62.74365997314453
2020-04-08,64.34957122802734
2020-04-09,64.81391906738281
2020-04-13,66.08604431152344
2020-04-14,69.42362213134766
2020-04-15,68.78994750976562
2020-04-16,69.33655548095703
2020-04-17,68.3957290649414
2020-04-20,66.97607421875
2020-04-21,64.90580749511719
2020-04-22,66.77532196044922
2020-04-23,66.51656341552734
2020-04-24,68.43685913085938
2020-04-27,68.48523712158203
2020-04-28,67.37510681152344
2020-04-29,69.58806610107422
2020-04-30,71.05611419677734
2020-05-01,69.91215515136719
2020-05-04,70.90133666992188
2020-05-05,71.96546936035156
2020-05-06,72.70796203613281
2020-05-07,73.46015167236328
2020-05-08,75.20861053466797
2020-05-11,76.39203643798828
2020-05-12,75.51900482177734
2020-05-13,74.60718536376953
2020-05-14,75.0655288696289
2020-05-15,74.62174224853516
2020-05-18,76.37992095947266
2020-05-19,75.93854522705078
2020-05-20,77.4154052734375
2020-05-21,76.8382339477539
2020-05-22,77.33297729492188
2020-05-26,76.80913543701172
2020-05-27,77.14379119873047
2020-05-28,77.17774963378906
2020-05-29,77.10258483886719
2020-06-01,78.05078887939453
2020-06-02,78.41209411621094
2020-06-03,78.84378051757812
2020-06-04,78.16475677490234
2020-06-05,80.3909683227539
2020-06-08,80.86627960205078
2020-06-09,83.41987609863281
2020-06-10,85.56607055664062
2020-06-11,81.45799255371094
2020-06-12,82.1612548828125
2020-06-15,83.17736053466797
2020-06-16,85.38175201416016
2020-06-17,85.26293182373047
2020-06-18,85.2968978881836
2020-06-19,84.80944061279297
2020-06-22,87.02837371826172
2020-06-23,88.885986328125
2020-06-24,87.31694793701172
2020-06-25,88.47613525390625
2020-06-26,85.75763702392578
2020-06-29,87.73407745361328
2020-06-30,88.46644592285156
2020-07-01,88.29911804199219
2020-07-02,88.29911804199219
2020-07-06,90.6611328125
2020-07-07,90.37982940673828
2020-07-08,92.48477935791016
2020-07-09,92.88249969482422
2020-07-10,93.04497528076172
2020-07-13,92.61573791503906
2020-07-14,94.14837646484375
2020-07-15,94.79586029052734
2020-07-16,93.6294174194336
2020-07-17,93.44024658203125
2020-07-20,95.40940856933594
2020-07-21,94.09259796142578
2020-07-22,94.35693359375
2020-07-23,90.06214141845703
2020-07-24,89.83902740478516
2020-07-27,91.96826934814453
2020-07-28,90.45741271972656
2020-07-29,92.19133758544922
2020-07-30,93.30687713623047
2020-07-31,103.07505798339844
2020-08-03,105.67229461669922
2020-08-04,106.37800598144531
2020-08-05,106.7635726928711
2020-08-06,110.48846435546875
2020-08-07,107.97645568847656
2020-08-10,109.54584503173828
2020-08-11,106.28797912597656
2020-08-12,109.82038879394531
2020-08-13,111.763916015625
2020-08-14,111.66432189941406
2020-08-17,111.37277221679688
2020-08-18,112.30083465576172
2020-08-19,112.44173431396484
2020-08-20,114.9367904663086
2020-08-21,120.85975646972656
2020-08-24,122.30526733398438
2020-08-25,121.30189514160156
2020-08-26,122.95150756835938
2020-08-27,121.48170471191406
2020-08-28,121.28489685058594
2020-08-31,125.3979263305664
2020-09-01,130.392822265625
2020-09-02,127.69133758544922
2020-09-03,117.46824645996094
2020-09-04,117.54598999023438
2020-09-08,109.63575744628906
2020-09-09,114.00872802734375
2020-09-10,110.2868423461914
2020-09-11,108.8388900756836
2020-09-14,112.10404205322266
2020-09-15,112.27896118164062
2020-09-16,108.96521759033203
2020-09-17,107.22572326660156
2020-09-18,103.82452392578125
2020-09-21,106.97306823730469
2020-09-22,108.65425109863281
2020-09-23,104.09661865234375
2020-09-24,105.16558074951172
2020-09-25,109.11097717285156
2020-09-28,111.71533203125
2020-09-29,110.8698959350586
2020-09-30,112.54134368896484
2020-10-01,113.49369812011719
2020-10-02,109.830078125
2020-10-05,113.21187591552734
2020-10-06,109.96614837646484
2020-10-07,111.83195495605469
2020-10-08,111.7250747680664
2020-10-09,113.66860961914062
2020-10-12,120.8888931274414
2020-10-13,117.68205261230469
2020-10-14,117.76951599121094
2020-10-15,117.30306243896484
2020-10-16,115.66075134277344
2020-10-19,112.70655822753906
2020-10-20,114.19336700439453
2020-10-21,113.57142639160156
2020-10-22,112.48304748535156
2020-10-23,111.7930908203125
2020-10-26,111.80280303955078
2020-10-27,113.3090591430664
2020-10-28,108.06146240234375
2020-10-29,112.06517028808594
2020-10-30,105.78750610351562
2020-11-02,105.70004272460938
2020-11-03,107.32290649414062
2020-11-04,111.70561981201172
2020-11-05,115.67047119140625
2020-11-06,115.53905487060547
2020-11-09,113.23197937011719
2020-11-10,112.8912582397461
2020-11-11,116.31781005859375
2020-11-12,116.04524230957031
2020-11-13,116.09392547607422
2020-11-16,117.10630798339844
2020-11-17,116.22047424316406
2020-11-18,114.89657592773438
2020-11-19,115.49037170410156
2020-11-20,114.22489166259766
2020-11-23,110.82756042480469
2020-11-24,112.11250305175781
2020-11-25,112.94966888427734
2020-11-27,113.49479675292969
2020-11-30,115.8895034790039
2020-12-01,119.46207427978516
2020-12-02,119.81250762939453
2020-12-03,119.67623138427734
2020-12-04,119.0045394897461
2020-12-07,120.4647216796875
2020-12-08,121.0780029296875
2020-12-09,118.54702758789062
2020-12-10,119.96826934814453
2020-12-11,119.16028594970703
2020-12-14,118.54702758789062
2020-12-15,124.48506164550781
2020-12-16,124.41695404052734
2020-12-17,125.28331756591797
2020-12-18,123.29747772216797
2020-12-21,124.82577514648438
2020-12-22,128.3788604736328
2020-12-23,127.4832763671875
2020-12-24,128.46652221679688
2020-12-28,133.0612335205078
2020-12-29,131.28948974609375
2020-12-30,130.17005920410156
